{
    "comments":[
        {
            "id":1,
            "name":"Fatih İLGEN",
            "mail":"fatih@deneme.com",
            "date":"4/8/2020 23:15",
            "comment":"Hi, support! I’m trying to create wire transfer to Austira, but the system crashes every time I do it. Please, help…Hi, support! I’m trying to create wire transfer to Austira, but the system crashes every time I do it. Hi, support! I’m trying to create wire transfer to Austira, but the system crashes every time I do it. Please, help…Hi, support! I’m trying to create wire transfer to Austira."
        },
        {
            "id":2,
            "name":"Ahmet İLGEN",
            "mail":"fatih@deneme.com",
            "date":"4/8/2020 23:15",
            "comment":"Hi, support! I’m trying to create wire transfer to Austira, but the system crashes every time I do it. Please, help…Hi, support! I’m trying to create wire transfer to Austira, but the system crashes every time I do it. Hi, support! I’m trying to create wire transfer to Austira, but the system crashes every time I do it. Please, help…Hi, support! I’m trying to create wire transfer to Austira."
        },
        {
            "id":3,
            "name":"Mehmet İLGEN",
            "mail":"fatih@deneme.com",
            "date":"4/8/2020 23:15",
            "comment":"Hi, support! I’m trying to create wire transfer to Austira, but the system crashes every time I do it. Please, help…Hi, support! I’m trying to create wire transfer to Austira, but the system crashes every time I do it. Hi, support! I’m trying to create wire transfer to Austira, but the system crashes every time I do it. Please, help…Hi, support! I’m trying to create wire transfer to Austira."
        }
    ]
}